title,description
GitHub CopilotWrite better code with AI,No description
GitHub CopilotWrite better code with AI,No description
GitHub CopilotWrite better code with AI,No description
GitHub SparkBuild and deploy intelligent apps,No description
GitHub ModelsManage and compare prompts,No description
MCP RegistryNewIntegrate external tools,No description
ActionsAutomate any workflow,No description
ActionsAutomate any workflow,No description
CodespacesInstant dev environments,No description
IssuesPlan and track work,No description
Code ReviewManage code changes,No description
GitHub Advanced SecurityFind and fix vulnerabilities,No description
GitHub Advanced SecurityFind and fix vulnerabilities,No description
Code securitySecure your code as you build,No description
Secret protectionStop leaks before they start,No description
Why GitHub,No description
Why GitHub,No description
Documentation,No description
Blog,No description
Changelog,No description
Marketplace,No description
Enterprises,No description
Enterprises,No description
Enterprises,No description
Small and medium teams,No description
Startups,No description
Nonprofits,No description
App Modernization,No description
App Modernization,No description
DevSecOps,No description
DevOps,No description
CI/CD,No description
View all use cases,No description
Healthcare,No description
Healthcare,No description
Financial services,No description
Manufacturing,No description
Government,No description
View all industries,No description
AI,No description
AI,No description
AI,No description
Software Development,No description
DevOps,No description
Security,No description
View all topics,No description
Customer stories,No description
Customer stories,No description
Events & webinars,No description
Ebooks & reports,No description
Business insights,No description
GitHub Skills,No description
Documentation,No description
Documentation,No description
Customer support,No description
Community forum,No description
Trust center,No description
Partners,No description
GitHub SponsorsFund open source developers,No description
GitHub SponsorsFund open source developers,No description
GitHub SponsorsFund open source developers,No description
Security Lab,No description
Security Lab,No description
Maintainer Community,No description
Accelerator,No description
GitHub Stars,No description
Archive Program,No description
Topics,No description
Topics,No description
Trending,No description
Collections,No description
Enterprise platformAI-powered developer platform,No description
Enterprise platformAI-powered developer platform,No description
Enterprise platformAI-powered developer platform,No description
GitHub Advanced SecurityEnterprise-grade security features,No description
GitHub Advanced SecurityEnterprise-grade security features,No description
Copilot for BusinessEnterprise-grade AI features,No description
Premium SupportEnterprise-grade 24/7 support,No description
Pricing,No description
Code... (...)results,No description
Code... (...)results,No description
Repositoriesresults,No description
Issuesresults,No description
Pull requestsresults,No description
Discussionsresults,No description
Usersresults,No description
Jupyter Notebook,No description
Jupyter Notebook,No description
Python,No description
HTML,No description
JavaScript,No description
TypeScript,No description
Dart,No description
CSS,No description
Java,No description
R,No description
PHP,No description
Public,No description
Public,No description
Private,No description
Advanced search,No description
3.5k,No description
470,No description
215,No description
1.6k,No description
113,No description
185,No description
364,No description
185,No description
311,No description
82,No description
GitHub CopilotWrite better code with AI,No description
GitHub CopilotWrite better code with AI,No description
GitHub CopilotWrite better code with AI,No description
GitHub SparkBuild and deploy intelligent apps,No description
GitHub ModelsManage and compare prompts,No description
MCP RegistryNewIntegrate external tools,No description
ActionsAutomate any workflow,No description
ActionsAutomate any workflow,No description
CodespacesInstant dev environments,No description
IssuesPlan and track work,No description
Code ReviewManage code changes,No description
GitHub Advanced SecurityFind and fix vulnerabilities,No description
GitHub Advanced SecurityFind and fix vulnerabilities,No description
Code securitySecure your code as you build,No description
Secret protectionStop leaks before they start,No description
Why GitHub,No description
Why GitHub,No description
Documentation,No description
Blog,No description
Changelog,No description
Marketplace,No description
Enterprises,No description
Enterprises,No description
Enterprises,No description
Small and medium teams,No description
Startups,No description
Nonprofits,No description
App Modernization,No description
App Modernization,No description
DevSecOps,No description
DevOps,No description
CI/CD,No description
View all use cases,No description
Healthcare,No description
Healthcare,No description
Financial services,No description
Manufacturing,No description
Government,No description
View all industries,No description
AI,No description
AI,No description
AI,No description
Software Development,No description
DevOps,No description
Security,No description
View all topics,No description
Customer stories,No description
Customer stories,No description
Events & webinars,No description
Ebooks & reports,No description
Business insights,No description
GitHub Skills,No description
Documentation,No description
Documentation,No description
Customer support,No description
Community forum,No description
Trust center,No description
Partners,No description
GitHub SponsorsFund open source developers,No description
GitHub SponsorsFund open source developers,No description
GitHub SponsorsFund open source developers,No description
Security Lab,No description
Security Lab,No description
Maintainer Community,No description
Accelerator,No description
GitHub Stars,No description
Archive Program,No description
Topics,No description
Topics,No description
Trending,No description
Collections,No description
Enterprise platformAI-powered developer platform,No description
Enterprise platformAI-powered developer platform,No description
Enterprise platformAI-powered developer platform,No description
GitHub Advanced SecurityEnterprise-grade security features,No description
GitHub Advanced SecurityEnterprise-grade security features,No description
Copilot for BusinessEnterprise-grade AI features,No description
Premium SupportEnterprise-grade 24/7 support,No description
Pricing,No description
Code... (...)results,No description
Code... (...)results,No description
Repositoriesresults,No description
Issuesresults,No description
Pull requestsresults,No description
Discussionsresults,No description
Usersresults,No description
Jupyter Notebook,No description
Jupyter Notebook,No description
Python,No description
HTML,No description
JavaScript,No description
TypeScript,No description
Dart,No description
CSS,No description
Java,No description
R,No description
PHP,No description
Public,No description
Public,No description
Private,No description
Advanced search,No description
55,No description
55,No description
44,No description
42,No description
13,No description
127,No description
37,No description
106,No description
957,No description
21,No description
